06629745000109,49324221000104	718423,725294,742196,749314,755631,771795,772799,773340,779790,815049,815871,831441,869697,874421,886122,888860,890465,909849,910065,918385,922123,934942,953004,963388,975952,985644	7113675490	2	26	7113675490
12420164000157,12420164000319	876321,876330,876370,948555,952879,953158,953320	2978047470	2	7	2978047470
09408863000177,12576098000109	765240,777600,777635,777672,778113,793941,834256,923420	2593075135	2	8	2593075135
05075964000112,40175705000164	952113,952862,953191,953425	2588998470	2	4	2588998470
03173334000155,13431621000171	786940,786988,787058	2339171684	2	3	2339171684
00874929000140,16366888000110	155619,720169,720209,720249,730410,731253,731301,745486,745906,755528,755529,761002,761030,762537,762686,784399,789880,790963,790983,790984,791108,793081,800966,801377,801550,808229,809067,812705,819817,825819,825846,826664,835955,844226,844267,860335,860519,867614,867681,874088,874100,877547,882717,905417,926172,932361,932364,932365,932399,932447,933410,964489,969380,981661,983093	887323647	2	55	887323647
67729178000149,67729178000491	897666	797249315	2	1	797249315
15799068000150,23681312000103	799077	748748886	2	1	748748886
26921908000121,26921908000202	761702,842644,856811,901950,902019,952387	227342173	2	6	227342173
07483513000140,71094205000121	764276,764295,764315,961181,961202,961249	225608920	2	6	225608920
01982481000140,18440367000191	727583,758003,848654,850911,902030,956487	156786517	2	6	156786517
03960712000140,09130024000130	786050,786191,786252	134939426	2	3	134939426
10578941000160,19583558000175	891422	102796022	2	1	102796022
43217280000105,62396296000169	814804	94235234	2	1	94235234
24296646000126,24419569000154	981916	79691751	2	1	79691751
16502551000193,25898180000100	774105	21423214	2	1	21423214
26120618000189,26120618000260	895278	20257750	2	1	20257750
02460736000178,18269125000187	736977,785155,796949,796958,830375,831170,854314,952602,959498	18615375	2	9	18615375
10251397000148,42932715000122	839334,839335,839336,839337,839338,839339,839340,839341,839342,839343	13427380	2	10	13427380
06073848000127,09053134000226	766047,766048,766269,766327,842684,947613,952168,952432,952538,984434,984924	13090666	2	11	13090666
07643548000107,09483720000120	827772,827838,827894,827935	12654429	2	4	12654429
04307650000135,06081203000136	732275,774071,947613	10708271	2	3	10708271
06073848000127#0,09053134000226#0,19936557000167#0	947613#0	10544791	3	1	3514930
20626417000171,21393507000122	754104	10310188	2	1	10310188
00676679000133,07562743000102	774209	9946481	2	1	9946481
02540779000163,02540779000325	810409	9936812	2	1	9936812
04027894000164,04027894000326	762204,944923,948342	9000629	2	3	9000629
02203356000158,12929043000135	749751,749817,841247,946629,947535,947801,948531,948777	8260247	2	8	8260247
11430465000107,20766316000104	969665,969773,969841	7981900	2	3	7981900
08830900000178,14087361000121	875660	7753785	2	1	7753785
05835916000185,71208516000174	807714,839533,839534,839535,839536,839537,839538,839539,839540,839541,839542,839543,839544,839556,840062,840063,840064,840065,840066,840067,840068,840069,840070,840071,840072,840073,840074,859286,943621,944076,944658,948259,973611	7732669	2	33	7732669
02701263000234,26341602000104	858034,858276	7236480	2	2	7236480
10495228000153#0,10576690000185#0,17988161000138#0	814166#0	6956298	3	1	2318766
10769482000100,22873613000176	814341	6909585	2	1	6909585
08546092000111,10568854000122	751489,751635,751725,751813	6810669	2	4	6810669
00491870000100,03102926000186	839028,839068	6781683	2	2	6781683
04600294000143#0,04851699000154#0,22719843000185#0	754722#0,754773#0,941155#0	6585523	3	3	2195174
21804120000383,21804120000545	732406,732547,732572,732700,732792,732845,962013	6568550	2	7	6568550
01133225000189#0,10600312000190#2,21013054000161#2	730567#2,939896#2	6385762	3	2	4789321
05334499000197,10294104000100	898101,898201,980745	6334400	2	3	6334400
02272500000108#0,04193097000157#0,10322079000120#0	721990#0	6333588	3	1	2111196
00443322000105,18114595000171	772656,772740,772815	6167615	2	3	6167615
19817766000191,19817766000353	938562,938949,939035	6113707	2	3	6113707
01133225000189,10600312000190	730567,770407,770574,939896,966051	6095150	2	5	6095150
17719444000184,19478320000180	739678,739807,739968,740118	6084265	2	4	6084265
21458610000103,81706251000198	761863,863640,981178	6019091	2	3	6019091
04424758000108,05516628000168	752109,752160,752192,752218	5781568	2	4	5781568
07289544000164,17470499000101	863963	5609466	2	1	5609466
04600294000143#0,04851699000154#0,22719843000185#0,23953466000107#0	754773#0	5524464	4	1	920744
03327733000123,19324490000100	815350,815391,815466	5425636	2	3	5425636
05464491000145,09308652000162	721990,722097,722160,722164	5325130	2	4	5325130
05639764000145,18052472000153	750513,911177,911212	5296657	2	3	5296657
03378970000113#0,07394231000176#0,16505190000210#0,21817234000104#0	985568#0	5286600	4	1	881100
21752738000185,21752738000428	848668,848702,848751,848792	5196036	2	4	5196036
01466091002161,01466091002323	851178	5134750	2	1	5134750
02608774000125,04664638000188	916641,916680	4927278	2	2	4927278
03744904000110,08235663000105	940861,941048	4925471	2	2	4925471
01509731000120#0,07833214000198#0,12980050000161#0,25650482000156#0	809665#0	4871950	4	1	811991
12187694000105,12187694000369	786909,786932,786948,786957,786990,787050	4852062	2	6	4852062
10495228000153,10576690000185	814062,814079,814166	4731696	2	3	4731696
06073848000127,19936557000167	947613,981159	4703412	2	2	4703412
01245727000100,01245727000525	719648,719680	4690905	2	2	4690905
05508626000127,20139416000100	865925,866001	4686792	2	2	4686792
09225076000190,12212290000116	869584,869637,869647,869688,869843	4647096	2	5	4647096
02858842000104,19961036000160	719802,797660,821120,828681,851293,978666	4619270	2	6	4619270
18159194000138,18593087000113	841339,841382,841523	4576771	2	3	4576771
17719444000184#0,17719444000346#0,19478320000180#0	740118#0	4554900	3	1	1518300
01929665000309,21483615000196	774966,775026,846057,867297,896092,912008,978832	4404200	2	7	4404200
36325157000134,36325157000215	837325,849407	4382742	2	2	4382742
11165514000113,21789326000110	791453,791488,791529,791574	4363075	2	4	4363075
13668217000116,18210168000197	732717,733716,744857,759770,779159,789090,856969,864405,869463,871717,873162,884428,907687,908820,911547,934608,943659,972652,973508,985641	4273448	2	20	4273448
03873951000163,03873951000244	765119,765171,765250,765311	4262238	2	4	4262238
02736688000106,02736688000289	832471	4240046	2	1	4240046
03065063000114,09380005000161	720345,870018	4234140	2	2	4234140
17766825000203,17766825000629	912125,912282,912369	4232051	2	3	4232051
94516671000153,94516671000234	842588,842589	4141886	2	2	4141886
08740036000113,08740036000202	858012,858065,858192,858295	4076292	2	4	4076292
02277139000102,16975724000190	935806	3985355	2	1	3985355
03378970000113#0,07394231000176#0,21817234000104#0	749191#0,985568#0	3816240	3	2	1272080
38695557000167,66438466000181	798950,798971,799061,799176	3777983	2	4	3777983
17224171000105#0,21543798000198#0,71424246000139#0	774184#0	3723215	3	1	1241071
00577773000135,09380005000161	720414	3687923	2	1	3687923
11675056000162,22403976000148	875264,875267,875282,875297,875334,875390	3631462	2	6	3631462
07483162000177,21280420000149	827677,909104	3582209	2	2	3582209
09370196000180,14174715000175	875626,875794	3521220	2	2	3521220
14099186000192,16579237000109	921594,921638,921682,921725	3489465	2	4	3489465
10510128000159,10510128000230	827509,827554	3478522	2	2	3478522
02089246000107,07369814000147	967610,967659,967801,967802	3478486	2	4	3478486
67729178000149,67729178000220	897402	3476904	2	1	3476904
14230984000101,19376730000110	894549,894620	3459547	2	2	3459547
04193097000157,10322079000120	721990,722035,722082,722109,722170	3447191	2	5	3447191
49475833000106,49475833001250	955903	3434001	2	1	3434001
02041460000193,33000118000179	897490	3390500	2	1	3390500
64373368000188,64373368000269	772745,772835	3372067	2	2	3372067
02814497000298,02814497000700	762204	3314229	2	1	3314229
06105551000104,15040200000145	871571,950765	3289853	2	2	3289853
02904424000106,17658668000123	871689,871759	3154020	2	2	3154020
00751947000134,07100135000178	938536,938920,938997	3150533	2	3	3150533
23647365000108,47003579000100	732392,732554,732766,796791,797013,855765,938095	3091270	2	7	3091270
05304733000133,14451636000164	869232,869255,869268,869422,869433,869494	3088044	2	6	3088044
25834847000283,25834847000364	949640	3016664	2	1	3016664
01133225000189#0,11203475000100#0,21013054000161#0	730567#0	3011160	3	1	1003720
00711356000133,05058703000194	730531,730563,730638	2946750	2	3	2946750
07777720000107#0,48174874000191#0,59016998000165#0	809553#0	2935096	3	1	978365
07220538000150,09043438000121	722883,722979	2901800	2	2	2901800
13258431000102,32289829000142	833621	2869600	2	1	2869600
10726349000169,17880977000143	809319,809439,809553,809665	2869073	2	4	2869073
04851699000154,22719843000185	730332,754722,754773,860497,860542,941155	2847486	2	6	2847486
22575583000111,23353196000101	754352,754370,754398,853765	2835617	2	4	2835617
07485963000171,07485963000252	722474	2808125	2	1	2808125
01799657000123,13150466000115	772982	2806801	2	1	2806801
04762831000151,07374284000125	984417	2780780	2	1	2780780
02143367000190#0,09277251000192#0,09367180000119#0	830636#0	2725074	3	1	908358
01037626000135,11316363000157	759653,759689,759749	2710500	2	3	2710500
04290119000105,10826999000186	752498,752533	2691411	2	2	2691411
09532089000101,21042015000354	798885	2680400	2	1	2680400
02295694000167,02295694000248	720377,720397	2678732	2	2	2678732
07700579000144,22677264000117	721436,798121,822767,922293	2663890	2	4	2663890
05781473000197,41662677000172	751548	2641580	2	1	2641580
07111286000121,21525477000160	804852	2598072	2	1	2598072
03919999000165,41920257000491	731682	2533321	2	1	2533321
03669035000106,13076992000182	836707,836731,836751,836777	2497535	2	4	2497535
06133518000180,20711057000106	862146	2489575	2	1	2489575
17224171000105,71424246000139	736806,737016,774184	2483112	2	3	2483112
02686360000114,07037632000179	758781,758841,758889,758952	2470460	2	4	2470460
10726349000169#0,17880977000143#0,26544608000170#0	809665#0	2435975	3	1	811991
01133225000189#0,10600312000190#2,11203475000100#2	730567#2,770574#2	2398553	3	2	1798914
03250598000165,04632983000130	799099,799222	2386030	2	2	2386030
03791171000174,03791171000255	897771,897822	2359142	2	2	2359142
06280539000128,11395843000150	761403,761448,793243,793279,900409,900467	2327069	2	6	2327069
13083306000109,66487836000170	927739,927784,927789	2289364	2	3	2289364
03522446000174,19803923000100	865593,865624	2271688	2	2	2271688
07516896000105,10495154000155	817580,817640,817707	2269790	2	3	2269790
03390388000172,22787055000126	774947,774968,774990	2256333	2	3	2256333
04600294000143,04851699000154	754722,754773,755494,941155	2236384	2	4	2236384
17350361000160,19803975000186	835019,835053,835079,835122	2201444	2	4	2201444
00836942000104,12579490000292	718648,730130,752976,779165,826647,829984,869705,874083,922942,961252	2194388	2	10	2194388
10495154000155,42822858000181	817707,838953	2186270	2	2	2186270
15135390000184,86405396000172	861199,924704,924733	2153522	2	3	2153522
17939349000196,17939349000277	913958,983135	2145550	2	2	2145550
04526954000193,66342833000149	786601	2139140	2	1	2139140
10588186000103,97468250000192	737282,773916	2129042	2	2	2129042
01133225000189,11203475000100	730567,770419,770574	2127604	2	3	2127604
02136051000170,20277752000101	765011,927841	2120475	2	2	2120475
01107391000100,72563158000180	774074	2098849	2	1	2098849
01568455000170,01568455000332	901076	2092891	2	1	2092891
13045652000194,23038796000177	789136	2070600	2	1	2070600
17192048000141,17192048000222	841004,921711	2006179	2	2	2006179
21804120000111#0,21804120000383#0,21804120000545#0	962013#0	1993320	3	1	664440
07815266000131,26321174000140	764507,764545,764546,764558,764564,764649,764659,910827,910837,910915,910930,910934	1990094	2	12	1990094
03378970000113,16505190000210	985568,985621	1987600	2	2	1987600
01133225000189#0,08488365000119#0,21661111000119#0	809439#0	1973333	3	1	657777
31673254000102,31673254000790	806308,952113,952268	1954606	2	3	1954606
03002290000109,15145442000101	853064	1924699	2	1	1924699
08488365000119,12932842000160	754722,754773	1921304	2	2	1921304
18871475000119,18871475000208	846327	1907300	2	1	1907300
02143367000190,09367180000119	830636,830852	1864728	2	2	1864728
17855375000136,25772120000138	739109,749438,784678,831731,866167,883272,969598	1805100	2	7	1805100
18029074000116,18029074000388	717716,717767	1776720	2	2	1776720
02603418000208,16915048000160	812909	1771730	2	1	1771730
04406461000110,08731530000111	875508,875596,875698,875787	1763987	2	4	1763987
08162032000103,08162032002068	947191,948255	1699638	2	2	1699638
07789153000109,22104604000110	955053	1689788	2	1	1689788
00388550000120,42785345000148	897460,985703	1669437	2	2	1669437
14246369000193,65284291000132	812701,812729,812761	1665950	2	3	1665950
00419760000138,17321137000140	854630	1589540	2	1	1589540
02496576000117,04542941000108	969022,969038	1584500	2	2	1584500
09355359000156,11025894000190	894564,894586	1552360	2	2	1552360
01133225000189#0,10600312000190#2,25646514000220#2	730567#2,966051#2	1539572	3	2	1154679
02389373000121,04919875000142	877000,877400,915307	1520102	2	3	1520102
44734671000151,44734671000402	901983,952763	1508558	2	2	1508558
20794996000161,23961832000170	833916	1504300	2	1	1504300
10197494000108,10899734000108	770407,770747,860497	1492591	2	3	1492591
15626947000180,22951216000175	843127	1488480	2	1	1488480
03728881000150,21581459000104	742185,742218	1483242	2	2	1483242
00385408000129,00390702000129	741450	1480545	2	1	1480545
08888040000123,08888040000980	851233,873660	1468523	2	2	1468523
01509731000120,07833214000198	776342,809665	1455403	2	2	1455403
18679316000117,18679316000206	768304,768338,801278	1430204	2	3	1430204
17610403000155,17610403000236	959511	1424256	2	1	1424256
05260938000164,18160622000142	743928,743954	1368412	2	2	1368412
01133225000189#0,11203475000100#1,25646514000220#1	730567#2	1338293	3	1	1003720
01133225000189#0,21013054000161#1,25646514000220#1	730567#2	1338293	3	1	1003720
02060549000105,26921908000202	817805	1335031	2	1	1335031
00809306000193,41718685000193	856661	1321600	2	1	1321600
05820332000136,19329504000188	776129,804146,963403	1306723	2	3	1306723
07521133000152,17881480000140	854529	1287940	2	1	1287940
00309119000140,00863032000110	892124,892276	1284509	2	2	1284509
09283969000191,11917516000111	759812	1246500	2	1	1246500
02679549000180,22210991000170	960875	1238840	2	1	1238840
03080995000136#1,04600294000143#1,23953466000107#0	754773#2	1227658	3	1	920744
03080995000136#1,04851699000154#1,23953466000107#0	754773#2	1227658	3	1	920744
03080995000136#1,22719843000185#1,23953466000107#0	754773#2	1227658	3	1	920744
01168626000174,19589495000164	811824	1222080	2	1	1222080
02234943000295,02234943001429	914244	1212730	2	1	1212730
00388550000120,14150662000152	889682,985703	1197956	2	2	1197956
17327107000141,17327107000222	917335	1197870	2	1	1197870
05423963000111,33000118000179	973094	1188921	2	1	1188921
19525278000372#0,23647365000108#0,47003579000100#0	796791#0,797013#0	1182452	3	2	394150
13074749000125,41902610000168	880281	1182300	2	1	1182300
02603418000208,05452133000112	841575	1176900	2	1	1176900
11196295000130,11857762000125	848671,848712,913436	1172212	2	3	1172212
07470828000152,22199772000137	726781,726829	1169670	2	2	1169670
03821415000114,65104762000183	737167,737202,972491,981046	1159513	2	4	1159513
48015119000164,55979736000145	766124,842345,958508	1126252	2	3	1126252
25567140000681,25567140000762	854119,895976,917712	1123100	2	3	1123100
17077702000176,71483929000167	979115,979122,979132	1116381	2	3	1116381
07516896000105#1,10495154000155#0,42822858000181#1	817707#2	1102493	3	1	826870
07155661000135,22460323000109	946879,971933	1084772	2	2	1084772
01133225000189#0,08986188000109#0,10600312000190#0	770407#0	1079025	3	1	359675
08488365000119,21661111000119	809319,809439	1078716	2	2	1078716
06036612000110,23762552000302	979466	1051750	2	1	1051750
05120772000180,20496517000392	715445	1049580	2	1	1049580
17192048000141,17192048000303	788152,921751	1047848	2	2	1047848
19899651000193,23789059000106	920016	1032489	2	1	1032489
06280539000128#0,11395843000150#0,15107265000160#0	900409#0	1023618	3	1	341206
31673254000790,31673254001095	952577	1022302	2	1	1022302
08802723000116,42893222000120	768022,787281,880792,880934,882109,889944,890264,966701,966722,967260	1008139	2	10	1008139
24616773000165,86368057000163	910701,910714	991987	2	2	991987
17225202000134,17225202000215	833816	957550	2	1	957550
03947995000190,05009037000102	758022,758041	950500	2	2	950500
04142323000170,07398148000175	904677	942465	2	1	942465
01083568000186,64429400000108	901773	939600	2	1	939600
11593940000158,26078595000191	735663,928769,928841	923168	2	3	923168
19334622000184,24104615000126	885372,885382,885441	910720	2	3	910720
04654861000144,19961036000160	737372,806235	908680	2	2	908680
24871949000125,24871949000206	921849	907710	2	1	907710
00371677000136,08105851000100	895942,895974	888941	2	2	888941
03631765000118,11449499000135	808071,808221	876562	2	2	876562
03285009000184,07137610000180	978893	855730	2	1	855730
01925360000167,10943369000191	966978,967032,967127,967140	853922	2	4	853922
02933193000169,08420079000111	946535,948275	835000	2	2	835000
01404373000190,13400438000109	902947	813046	2	1	813046
00388550000120#0,14150662000152#0,42785345000148#0	985703#0	806707	3	1	268902
10282328000100,20276514000181	978881,978882,978884,978906	790832	2	4	790832
16527400000190,16527400000270	960886	769712	2	1	769712
07920529000172,20193865000129	729902	765266	2	1	765266
00836942000104#0,12579490000292#0,12580115000343#0	718648#0	764956	3	1	254985
47636014000160,60397874000156	947959	745267	2	1	745267
17756002000370,18519685000142	735031	725500	2	1	725500
52099983000169,56227994000138	775925	706780	2	1	706780
19268374000110,19268374000544	769380	696460	2	1	696460
05533177000177,19103290000127	978826,978884	687062	2	2	687062
07620907000100,10905378000198	890276,900813	686340	2	2	686340
01053369000125,02303541000114	827120,871860	686130	2	2	686130
18768796000192,19388008000103	777847	681550	2	1	681550
19728727000118,26949204000167	729512	675611	2	1	675611
14150662000152,42785345000148	956203,985703	668655	2	2	668655
02443611000130,21466388000190	756397,919171	668361	2	2	668361
10681754000108,10688221000158	849975,850132	656796	2	2	656796
04272202000143,16695045000168	975370	637170	2	1	637170
03343330000178,09581236000133	937349	614180	2	1	614180
23407794000108,86451358000156	835215,835220,835222,835245,835253,835258,835259	611124	2	7	611124
05367899000107,71106157000144	892962	601650	2	1	601650
10680527000168,18070048000131	786912	597560	2	1	597560
02251332000174,03815963000131	751331,889166	589280	2	2	589280
05333043000102,11917674000171	903416,903454,903470,903488,903521	588556	2	5	588556
58295213001816,63736714000182	782864,802283	588254	2	2	588254
20874277000231,20874277000665	732385,732547	575070	2	2	575070
67729178000220,67729178000491	978823	572887	2	1	572887
01354546000103,24897571000139	808923,808933,809021	561159	2	3	561159
04869661000109,13169186000159	893775	557200	2	1	557200
03638381000127,06867357000158	880852	552389	2	1	552389
14721695000105,19221018000141	773677	548500	2	1	548500
08183359000153,08183359000315	761691	541380	2	1	541380
02018303000167,15629893000106	766543	535090	2	1	535090
03900553000199,86423753000125	784088,784201	531407	2	2	531407
05475966000107,13216302000143	896179,896226	526500	2	2	526500
07316691000186,10493969000103	853115	513514	2	1	513514
03011712000102,20821150000173	792621,941212	510025	2	2	510025
18551507000107,18552505000124	930858	507000	2	1	507000
00974660000173,23034174000251	741505,741571	499202	2	2	499202
10906218000163,10906218000244	891451,891471,891493,891511	496031	2	4	496031
19525278000372,23647365000108	796791,797013,840298,890483	490597	2	4	490597
10807173000170,23866426000128	945290	485520	2	1	485520
01133225000189#0,08986188000109#1,25646514000140#1	770407#2	479566	3	1	359675
01133225000189#0,10600312000190#1,25646514000140#1	770407#2	479566	3	1	359675
11395843000150,15107265000160	761307,900409	463501	2	2	463501
06073848000127,09053134000145	806307	457751	2	1	457751
08026075000153,13226892000195	853260,979352	446622	2	2	446622
14243516000171,14243700000111	810339	434793	2	1	434793
02224511000112,20282265000137	979920	424579	2	1	424579
19525278000100,47003579000100	855461	414545	2	1	414545
06155278000114,19157361000174	758769,778719,778943,778975,779104,779289,856944	412667	2	7	412667
04557755000223,04557755000304	814343	412452	2	1	412452
01354546000103,24897571000309	746767	392698	2	1	392698
01949381000112,19888650000143	798380	382209	2	1	382209
14771446000124,23647365000108	770288,770390	382180	2	2	382180
26921908000202,26921908000555	842380	378504	2	1	378504
11485445000125,15400712000175	792800	375291	2	1	375291
01354546000294,24897571000309	746848	372541	2	1	372541
15392414000180,23437064000150	752983,867550	367830	2	2	367830
05082446000126,26172037000190	822156	367384	2	1	367384
06138468000123,27822759000106	726113	365512	2	1	365512
64440555000137,64440555000218	806662,806663	340200	2	2	340200
26677851000167,52202744000192	945247	324809	2	1	324809
01722595000151,02213688000113	814076	323608	2	1	323608
24478341000135,27829102000170	726039	322404	2	1	322404
25567140000762,25567140001068	895938	319357	2	1	319357
04302534000123,66438466000181	874297,874348	314630	2	2	314630
01228185000159,10788428000102	975728	311472	2	1	311472
00029372000221,00029372000655	858942,858943	304737	2	2	304737
02783664000108,11052709000157	773579	303118	2	1	303118
25567140000509,25567140000762	809817	300870	2	1	300870
03209283000174,06277268000151	828377	300822	2	1	300822
06013589000149,10642633000157	770310,770365,770437	299400	2	3	299400
16740086000129,18271866000100	918725	289345	2	1	289345
01929665000147#0,01929665000309#0,21483615000196#0	774966#0	283500	3	1	94500
19571361000116,25332743000190	941886	281822	2	1	281822
08331850000184,24546522000151	851273	279538	2	1	279538
19525278000100,23647365000108	848685,848729	274482	2	2	274482
00738238000119,00738238000380	752428	270000	2	1	270000
28672087000162,28672087007507	862426,878557,878601	261194	2	3	261194
03955611000181,09635181000105	864402	260700	2	1	260700
00067750000261,25567140000681	742011,912261	260524	2	2	260524
04606368000159,09196982000103	829228,829231	259640	2	2	259640
00836942000104,10438157000157	917908	258720	2	1	258720
07508373000117,18669729000110	774958,774964,822368,969017,969027,978898	257483	2	6	257483
17037334000566,19446244000120	780183	250200	2	1	250200
03407691000300#1,06166353000142#0,20848371000135#1	814380#2	248754	3	1	186565
16928871000100,16928871000614	976792	240000	2	1	240000
13929982000142,71145668000175	726067	239900	2	1	239900
04622116000113#0,05835916000185#0,71208516000174#0	973611#0	232042	3	1	77347
04109169000135,10666954000191	950716	224817	2	1	224817
45987062000177,45987062000681	913950,913998	223689	2	2	223689
17426228000140,23244166000159	831808	221300	2	1	221300
19588391000488,23624431000205	831808	221300	2	1	221300
03475216000100,14063229000180	882845	220000	2	1	220000
01563351000173,01563351000254	776916	218000	2	1	218000
14190675000155,14190675000236	762182	210793	2	1	210793
19588391000135,19588391000488	777237	203400	2	1	203400
15195632000125,64306913000113	772316,931441	198999	2	2	198999
07198998000120,24863560000138	804203	195346	2	1	195346
05351543000177,32305500000128	801699	188700	2	1	188700
06244732000103,14165863000123	783467	186019	2	1	186019
11260846000187,12432995000149	848805	182874	2	1	182874
10328635000176,11405384000149	897392	170000	2	1	170000
04047735000121,20515556000128	778253,816235	169433	2	2	169433
04582480000105,17405622000100	742900,861333	168800	2	2	168800
21717251000161,21717251000242	731716	166215	2	1	166215
14771446000124,19525278000372	949335	165800	2	1	165800
19525278000100,19525278000372	853053	162302	2	1	162302
04413005000105,18266930000157	781915,802206	161115	2	2	161115
10962750000106,23961667000156	982291,982322	151228	2	2	151228
10238783000108,17877227000112	760483,872054	148970	2	2	148970
01509731000120#1,04851699000154#1,22719843000185#0	730332#2	141816	3	1	106362
03269296000139,15228157000146	775502	140000	2	1	140000
04702118000384,41716499001006	848795	135317	2	1	135317
09169428000137,18295299000114	883597	134838	2	1	134838
02491874000114,08353199000143	837386,837449	132190	2	2	132190
35820448000136,35820448013700	972677	128800	2	1	128800
17027418000195,17027418000942	724701	126102	2	1	126102
04111956000111,19795533000135	796274,923419	124012	2	2	124012
07748804000112,12515512000170	745474,887602,922854,968181	121947	2	4	121947
01744153000106,17192048000494	758799	121800	2	1	121800
05750701000161,09620946000125	908721	119800	2	1	119800
49475833000106,49475833001684	953205	115502	2	1	115502
09299577000110,14909613000150	717952	113962	2	1	113962
17037334000485,19446244000120	856281	112900	2	1	112900
08545316000170,27420969000178	894279	110000	2	1	110000
07940707000127,14749549000198	976380	108990	2	1	108990
33000118000179,76535764000143	737276	107536	2	1	107536
07414120000184,14830396000109	897795	106900	2	1	106900
21743265000150,21743265000583	764075	100927	2	1	100927
02962068000187,10519768000120	784711,812334,957588	95562	2	3	95562
21743265000400,21743265000583	765593	95017	2	1	95017
00098809000106,17300096000106	916444	94350	2	1	94350
11934594000124,21934551000100	812523	93900	2	1	93900
17316566000120,17343171000116	942708	91000	2	1	91000
01735407000120,08601980000190	853686,853690	90733	2	2	90733
09176186000109,38064515000128	978882	86535	2	1	86535
71084305000177,71511158000174	790001,938072,966390	86164	2	3	86164
58344359000166,61374161000130	737250	84000	2	1	84000
04635192000163,07660130000108	913377,913491,913688	82375	2	3	82375
02363611000120,05007965000120	864200,864380,864524	80106	2	3	80106
21045091000151,42955476000126	860730	80000	2	1	80000
10596600000118,11283948000118	860240	79900	2	1	79900
02702957000105,50734102000109	817303	79866	2	1	79866
16740086000129,42785345000148	894412	78552	2	1	78552
03025429000121,03779298000178	985246	75740	2	1	75740
09116630000109,15781331000183	980445,980463	74645	2	2	74645
10248952000182,19280772000152	820378	74399	2	1	74399
07514572000138,20083986000118	960891	74245	2	1	74245
09357478000148,14970050000106	856878	73200	2	1	73200
22266950000103,25214028000152	849769	73200	2	1	73200
13253884000138,13929982000142	725325	72650	2	1	72650
02648739000130,23360253000171	727872	72029	2	1	72029
14502966000131,26014795000180	956993	70800	2	1	70800
17836461000100,17836461000363	819991	70200	2	1	70200
07588730000102,08245260000139	805790	69880	2	1	69880
17110310000161,19875442000100	756768	69725	2	1	69725
07332350000102,18411844000190	786607	68760	2	1	68760
84684455006951,84684455007176	797038	68355	2	1	68355
06540805000104,65134454000109	727460,807167,807168,807169	67296	2	4	67296
17036666000100,17036666000283	801111	66577	2	1	66577
19994474000124,19994474000205	976610	65668	2	1	65668
10451713000125,17095753000120	918822	64042	2	1	64042
02682577000156,27028240000150	894063	61910	2	1	61910
12274503000134,25338385000122	764820	61906	2	1	61906
11315529000110,23865744000174	882911	61600	2	1	61600
08699234000180,22206004000163	901520	58800	2	1	58800
09080759000104,20875464000159	875568	57455	2	1	57455
07306147000153,07904276000143	917595,923699	56234	2	2	56234
01356570000181,01378407000110	965418	55800	2	1	55800
04222408000169,11888073000188	919496	53250	2	1	53250
05093900000144,22303531000196	732274,732465	52494	2	2	52494
03660102000121,11925969000190	864290,864418,907177	50261	2	3	50261
64209810000135,64209810000216	763363	48444	2	1	48444
02555374000107,10606545000108	937318,937338,937344,937353	45230	2	4	45230
02817838002656,08821242000158	825940	45025	2	1	45025
07105561000102,11033888000185	853294	43200	2	1	43200
07195814000178,21203436000158	810399	42480	2	1	42480
08338200000160,20297455000128	864296	42296	2	1	42296
19520270000151,21776529000171	848693	40255	2	1	40255
14090191000134,17815826000101	888147	40236	2	1	40236
04465003000151#1,08968320000141#0,19302579000175#1	768317#2	40000	3	1	30000
08241628000190#0,17104399000153#1,86582863000130#1	904182#2	39582	3	1	29686
08366420000106,18695016000121	949371	39500	2	1	39500
03925139000134,10210073000161	783327	39000	2	1	39000
08530023000110,14207339000178	821404	38400	2	1	38400
08598911000174,13630573000140	795075,953569	38100	2	2	38100
05746657000116,21062371000178	728119	37959	2	1	37959
07828539000182,24333314000174	858787	37200	2	1	37200
02829842000186,03370119000144	934270	36638	2	1	36638
13138905000174,22235531000104	981574	36490	2	1	36490
71189278000105,71189278000520	962116	36150	2	1	36150
04372089000259,10329304000150	904148	36000	2	1	36000
04830190000125,23940109000104	929346	35761	2	1	35761
03886930000182,07569360000158	744958	33000	2	1	33000
04406717000199,04406717000270	756387	32590	2	1	32590
15062735000117,22144375000168	907095	32500	2	1	32500
14441895000104,16951188000193	868961	30920	2	1	30920
02585687000108,02896840000100	799658	29000	2	1	29000
14244832000168,48624175000104	857589	28814	2	1	28814
01541266000104,07004048000117	772649	28000	2	1	28000
02618172000159,10630958000110	900114	28000	2	1	28000
19342138000105,19342138000369	826797,826943	27942	2	2	27942
01929665000309,21483615000510	854082	27900	2	1	27900
08217254000178,16742041000193	823441	25493	2	1	25493
65289613000136,86544996000111	733037,773284	23933	2	2	23933
26183715000110,26183715000382	951463	23736	2	1	23736
04802106000160,10920266000106	732686	23719	2	1	23719
02555374000107,07121806000187	937392	21840	2	1	21840
02321483000151,06140504000274	962717	20974	2	1	20974
01539549000111,11300320000183	859304	20586	2	1	20586
05370299000190,05370299000270	905299	20190	2	1	20190
17155342000183,17155342000345	945329	18774	2	1	18774
05499944000179,18913529000161	733558	18000	2	1	18000
11519500000150,17336390000178	939342	18000	2	1	18000
54484753000149,61074175000138	745913	17433	2	1	17433
03746398000289,05266324000351	735001	17160	2	1	17160
12063548000160,19014794000170	794980	16600	2	1	16600
03245703000178,07989229000140	836734	15800	2	1	15800
03417494000100,08072145000100	856877	15221	2	1	15221
04389531000179,16802563000133	790812	14520	2	1	14520
08538628000157,08640297000161	887754	13850	2	1	13850
05194502000114,42900852000185	776452,776456,776471	13449	2	3	13449
10641500000166,19485623000120	830533	12000	2	1	12000
07019009000193,10709067000153	800357	11820	2	1	11820
03768632000198,05164426000102	744823	11691	2	1	11691
00435409000130,01437362000107	973602	11400	2	1	11400
05968191000284,26326421000109	910009	11400	2	1	11400
09265033000138,09666624000117	768886	11270	2	1	11270
09650705000129,18023366000141	756773	11050	2	1	11050
19910600000115,42864363000115	938657	10555	2	1	10555
04454873000125,08880595000129	983980	9440	2	1	9440
00684182000167,16850359000198	980216	8120	2	1	8120
61198164000160,61198164000321	762291	3424	2	1	3424
08517373000146,17318757000120	953039	2309	2	1	2309
19063728000190,21013054000161	952914	473	2	1	473
00444990000157,04272725000190	155611	0	2	1	0
05594006000158,23946916000134	981556	0	2	1	0
07352299000192,22538375000142	773161	0	2	1	0
